{"cameraMode":{"drawMode":0,"name":"Shaded","section":"Shading Mode"},"sceneLighting":false,"audioPlay":false,"sceneViewState":{"showFog":true,"showMaterialUpdate":false,"showSkybox":false,"showFlares":true,"showImageEffects":true,"showParticleSystems":true,"showVisualEffectGraphs":true,"m_FxEnabled":true},"in2DMode":false,"pivot":{"x":0.026030665263533593,"y":0.17048987746238709,"z":-0.24865256249904633},"rotation":{"x":-0.3165449798107147,"y":-0.16618712246418,"z":0.05642634630203247,"w":-0.9323247075080872},"size":0.30477651953697207,"orthographic":false}