{"cameraMode":{"drawMode":0,"name":"Shaded","section":"Shading Mode"},"sceneLighting":true,"audioPlay":false,"sceneViewState":{"showFog":true,"showMaterialUpdate":false,"showSkybox":true,"showFlares":true,"showImageEffects":true,"showParticleSystems":true,"showVisualEffectGraphs":true,"m_FxEnabled":true},"in2DMode":false,"pivot":{"x":10.263633728027344,"y":16.17434310913086,"z":-13.094879150390625},"rotation":{"x":-0.01334147248417139,"y":0.9734213948249817,"z":-0.05877793952822685,"w":-0.22094812989234925},"size":25.015995025634767,"orthographic":false}