{"cameraMode":{"drawMode":0,"name":"Shaded","section":"Shading Mode"},"sceneLighting":true,"audioPlay":false,"sceneViewState":{"showFog":true,"showMaterialUpdate":false,"showSkybox":true,"showFlares":true,"showImageEffects":true,"showParticleSystems":true,"showVisualEffectGraphs":true,"m_FxEnabled":true},"in2DMode":false,"pivot":{"x":-35.010772705078128,"y":-9.989870071411133,"z":33.11957931518555},"rotation":{"x":-0.20271579921245576,"y":0.28242871165275576,"z":-0.061093252152204517,"w":-0.9357598423957825},"size":15.529693603515625,"orthographic":false}