{"cameraMode":{"drawMode":0,"name":"Shaded","section":"Shading Mode"},"sceneLighting":true,"audioPlay":false,"sceneViewState":{"showFog":true,"showMaterialUpdate":false,"showSkybox":true,"showFlares":true,"showImageEffects":true,"showParticleSystems":true,"showVisualEffectGraphs":true,"m_FxEnabled":true},"in2DMode":false,"pivot":{"x":27.608142852783204,"y":-0.11845064163208008,"z":-42.10120391845703},"rotation":{"x":0.005179057829082012,"y":0.9383442401885986,"z":-0.022086292505264283,"w":0.3468870222568512},"size":34.40653991699219,"orthographic":false}