{"cameraMode":{"drawMode":0,"name":"Shaded","section":"Shading Mode"},"sceneLighting":true,"audioPlay":false,"sceneViewState":{"showFog":true,"showMaterialUpdate":false,"showSkybox":true,"showFlares":true,"showImageEffects":true,"showParticleSystems":true,"showVisualEffectGraphs":true,"m_FxEnabled":true},"in2DMode":false,"pivot":{"x":-7.383028984069824,"y":3.1458449363708498,"z":0.8443101644515991},"rotation":{"x":0.007302604150027037,"y":0.8415419459342957,"z":-0.013143460266292096,"w":0.5404947996139526},"size":7.415062427520752,"orthographic":false}