{"cameraMode":{"drawMode":0,"name":"Shaded","section":"Shading Mode"},"sceneLighting":true,"audioPlay":false,"sceneViewState":{"showFog":true,"showMaterialUpdate":false,"showSkybox":true,"showFlares":true,"showImageEffects":true,"showParticleSystems":true,"showVisualEffectGraphs":true,"m_FxEnabled":true},"in2DMode":false,"pivot":{"x":-22.050203323364259,"y":2.1096208095550539,"z":5.795233249664307},"rotation":{"x":0.015469323843717575,"y":-0.979242742061615,"z":0.18727612495422364,"w":0.07851769775152207},"size":2.890193223953247,"orthographic":false}